date,day,room
2026-10-06,Tuesday,Harcourt 1.04
2026-10-06,Tuesday,Harcourt 1.06
2026-10-06,Tuesday,Harcourt 2.11
2026-10-06,Tuesday,Lister Lab 0.14
2026-10-06,Tuesday,Observatory Seminar Room
2026-10-09,Friday,Harcourt 1.04
2026-10-09,Friday,Harcourt 2.11
2026-10-09,Friday,Lister Lab 0.14
2026-10-09,Friday,Kepler Room
2026-10-13,Tuesday,Harcourt 1.04
2026-10-13,Tuesday,Harcourt 1.06
2026-10-13,Tuesday,Harcourt 2.11
2026-10-13,Tuesday,Lister Lab 0.14
2026-10-13,Tuesday,Observatory Seminar Room
2026-10-16,Friday,Harcourt 1.04
2026-10-16,Friday,Harcourt 2.11
2026-10-16,Friday,Lister Lab 0.14
2026-10-16,Friday,Kepler Room
2026-10-20,Tuesday,Harcourt 1.04
2026-10-20,Tuesday,Harcourt 1.06
2026-10-20,Tuesday,Harcourt 2.11
2026-10-20,Tuesday,Lister Lab 0.14
2026-10-20,Tuesday,Observatory Seminar Room
2026-10-23,Friday,Harcourt 1.04
2026-10-23,Friday,Harcourt 2.11
2026-10-23,Friday,Lister Lab 0.14
2026-10-23,Friday,Kepler Room
2026-10-27,Tuesday,Harcourt 1.04
2026-10-27,Tuesday,Harcourt 1.06
2026-10-27,Tuesday,Harcourt 2.11
2026-10-27,Tuesday,Lister Lab 0.14
2026-10-27,Tuesday,Observatory Seminar Room
2026-10-30,Friday,Harcourt 1.04
2026-10-30,Friday,Harcourt 2.11
2026-10-30,Friday,Lister Lab 0.14
2026-10-30,Friday,Kepler Room
2026-11-03,Tuesday,Harcourt 1.04
2026-11-03,Tuesday,Harcourt 1.06
2026-11-03,Tuesday,Harcourt 2.11
2026-11-03,Tuesday,Lister Lab 0.14
2026-11-03,Tuesday,Observatory Seminar Room
2026-11-06,Friday,Harcourt 1.04
2026-11-06,Friday,Harcourt 2.11
2026-11-06,Friday,Lister Lab 0.14
2026-11-06,Friday,Kepler Room
2026-11-10,Tuesday,Harcourt 1.04
2026-11-10,Tuesday,Harcourt 1.06
2026-11-10,Tuesday,Harcourt 2.11
2026-11-10,Tuesday,Lister Lab 0.14
2026-11-13,Friday,Harcourt 1.04
2026-11-13,Friday,Harcourt 2.11
2026-11-13,Friday,Lister Lab 0.14
2026-11-17,Tuesday,Harcourt 1.04
2026-11-17,Tuesday,Harcourt 1.06
2026-11-17,Tuesday,Harcourt 2.11
2026-11-17,Tuesday,Lister Lab 0.14
2026-11-20,Friday,Harcourt 1.04
2026-11-20,Friday,Harcourt 2.11
2026-11-20,Friday,Lister Lab 0.14
2026-11-20,Friday,Kepler Room
2026-11-24,Tuesday,Harcourt 1.04
2026-11-24,Tuesday,Harcourt 1.06
2026-11-24,Tuesday,Harcourt 2.11
2026-11-24,Tuesday,Lister Lab 0.14
2026-11-27,Friday,Harcourt 1.04
2026-11-27,Friday,Harcourt 2.11
2026-11-27,Friday,Lister Lab 0.14
2026-11-27,Friday,Kepler Room
2026-12-01,Tuesday,Harcourt 1.04
2026-12-01,Tuesday,Harcourt 1.06
2026-12-01,Tuesday,Harcourt 2.11
2026-12-01,Tuesday,Lister Lab 0.14
2026-12-04,Friday,Harcourt 1.04
2026-12-04,Friday,Harcourt 2.11
2026-12-04,Friday,Lister Lab 0.14
2026-12-04,Friday,Kepler Room
2026-12-08,Tuesday,Harcourt 1.04
2026-12-08,Tuesday,Harcourt 1.06
2026-12-08,Tuesday,Harcourt 2.11
2026-12-08,Tuesday,Lister Lab 0.14
2026-12-11,Friday,Harcourt 1.04
2026-12-11,Friday,Harcourt 2.11
2026-12-11,Friday,Lister Lab 0.14
2026-12-11,Friday,Kepler Room
